Workbook

Sheet Test Cases
A1: Assignment 3 - Test Cases (data consumed from CSV files in data/)
A2: Legend: Actual Result = output captured from running humanize with the CSV input. Status is a formula (Expected = Actual).
A4: Test ID | B4: Module | C4: Function | D4: Technique | E4: Test Input | F4: Data Source (external CSV) | G4: Expected Result | H4: Actual Result | I4: Status | J4: Automated in
A5: N01 | B5: humanize.number | C5: intcomma | D5: ECP | E5: value=1234567 | F5: number_cases.csv | G5: 1,234,567 | H5: 1,234,567 | I5: =IF(G5=H5,"Pass","Fail") | J5: tests/test_csv_driven.py
A6: N02 | B6: humanize.number | C6: intcomma | D6: BVA | E6: value=999 | F6: number_cases.csv | G6: 999 | H6: 999 | I6: =IF(G6=H6,"Pass","Fail") | J6: tests/test_csv_driven.py
A7: N03 | B7: humanize.number | C7: intcomma | D7: BVA | E7: value=1000 | F7: number_cases.csv | G7: 1,000 | H7: 1,000 | I7: =IF(G7=H7,"Pass","Fail") | J7: tests/test_csv_driven.py
A8: N04 | B8: humanize.number | C8: intword | D8: ECP | E8: value=1200000 | F8: number_cases.csv | G8: 1.2 million | H8: 1.2 million | I8: =IF(G8=H8,"Pass","Fail") | J8: tests/test_csv_driven.py
A9: N05 | B9: humanize.number | C9: intword | D9: BVA | E9: value=999 | F9: number_cases.csv | G9: 999 | H9: 999 | I9: =IF(G9=H9,"Pass","Fail") | J9: tests/test_csv_driven.py
A10: N06 | B10: humanize.number | C10: ordinal | D10: ECP | E10: value=1 | F10: number_cases.csv | G10: 1st | H10: 1st | I10: =IF(G10=H10,"Pass","Fail") | J10: tests/test_csv_driven.py
A11: N07 | B11: humanize.number | C11: ordinal | D11: BVA | E11: value=11 | F11: number_cases.csv | G11: 11th | H11: 11th | I11: =IF(G11=H11,"Pass","Fail") | J11: tests/test_csv_driven.py
A12: N08 | B12: humanize.number | C12: ordinal | D12: ECP | E12: value=22 | F12: number_cases.csv | G12: 22nd | H12: 22nd | I12: =IF(G12=H12,"Pass","Fail") | J12: tests/test_csv_driven.py
A13: N09 | B13: humanize.number | C13: apnumber | D13: BVA | E13: value=0 | F13: number_cases.csv | G13: zero | H13: zero | I13: =IF(G13=H13,"Pass","Fail") | J13: tests/test_csv_driven.py
A14: N10 | B14: humanize.number | C14: apnumber | D14: BVA | E14: value=10 | F14: number_cases.csv | G14: 10 | H14: 10 | I14: =IF(G14=H14,"Pass","Fail") | J14: tests/test_csv_driven.py
A15: F01 | B15: humanize.filesize | C15: naturalsize | D15: BVA | E15: value=0, binary=false, gnu=false | F15: filesize_cases.csv | G15: 0 Bytes | H15: 0 Bytes | I15: =IF(G15=H15,"Pass","Fail") | J15: tests/test_csv_driven.py
A16: F02 | B16: humanize.filesize | C16: naturalsize | D16: BVA | E16: value=1, binary=false, gnu=false | F16: filesize_cases.csv | G16: 1 Byte | H16: 1 Byte | I16: =IF(G16=H16,"Pass","Fail") | J16: tests/test_csv_driven.py
... A30: T08 | B30: humanize.time | C30: naturaltime | D30: BVA | E30: seconds=0 | F30: time_cases.csv | G30: now | H30: now | I30: =IF(G30=H30,"Pass","Fail") | J30: tests/test_csv_driven.py

Sheet Summary
A1: Metric | B1: Value
A2: Total test cases | B2: =COUNTA('Test Cases'!A5:A30)
A3: Passed | B3: =COUNTIF('Test Cases'!I5:I30,"Pass")
A4: Failed | B4: =COUNTIF('Test Cases'!I5:I30,"Fail")
A5: Pass rate | B5: =IF(B2=0,0,B3/B2)
A6: ECP cases | B6: =COUNTIF('Test Cases'!D5:D30,"ECP")
A7: BVA cases | B7: =COUNTIF('Test Cases'!D5:D30,"BVA")
